crop,disease_id,disease_name,pathogen_type,pathogen_scientific_name,temp_min,temp_max,humidity_min,rainfall_req,risk_level,verified_treatment,preventive_action,uniprot_id,target_protein_name
Soybean,SOY_RUST_01,Asian Soybean Rust,Fungal,Phakopsora pachyrhizi,18,28,75,high,Critical High,Azoxystrobin 23% SC @ 1 ml/L OR Hexaconazole 5% EC @ 2 ml/L,Maintain 30cm row spacing for airflow; destroy crop residues post-harvest; avoid late evening overhead irrigation,P0C170,Sterol 14-alpha demethylase (CYP51)
Rice,RICE_BLAST_02,Rice Blast Disease,Fungal,Magnaporthe oryzae,20,30,80,moderate,Critical High,Tricyclazole 75% WP @ 0.6g/L OR Isoprothiolane 40% EC @ 1.5 ml/L,Use resistant cultivars (CO-47/IR-64); balance nitrogen fertilizer dosing; avoid standing water stagnant overload,Q91732,Avr-Piz-t Effector & Chitin Synthase 1
Potato,POTATO_BLIGHT_03,Potato Late Blight,Fungal,Phytophthora infestans,10,24,85,high,Critical High,Mancozeb 75% WP @ 2g/L OR Cymoxanil + Mancozeb @ 2g/L,Perform earthing up properly; eliminate volunteer potato plants; remove infected foliage before tuber harvest,P00720,Dihydropteroate Synthase (DHPS)
Cotton,COTTON_BLIGHT_04,Bacterial Leaf Blight,Bacterial,Xanthomonas citri pv. malvacearum,25,35,70,moderate,High,Copper Oxychloride 50% WP @ 2.5g/L + Streptocycline @ 0.1g/L,Use acid-delinted seed; crop rotation with sorghum or maize; destroy infected field debris,P0A900,Type III Secretion System ATPase
Tomato,TOMATO_BLIGHT_05,Early Blight,Fungal,Alternaria solani,22,32,70,moderate,High,Chlorothalonil 75% WP @ 2g/L OR Difenoconazole 25% EC @ 0.5 ml/L,Mulch soil to prevent rain splash; stake plants; prune lower leaves touching wet soil,Q96530,Beta-tubulin Subunit
Wheat,WHEAT_RUST_06,Leaf Rust (Brown Rust),Fungal,Puccinia triticina,15,25,65,moderate,High,Propiconazole 25% EC @ 1 ml/L OR Tebuconazole 25.9% EC @ 1.5 ml/L,Sow early in recommended window; eradicate wild barberry host plants; monitor windward field borders,P0A7Y8,Elongation Factor Tu
Maize,MAIZE_BLIGHT_07,Turcicum Leaf Blight,Fungal,Exserohilum turcicum,18,27,75,high,Moderate,Mancozeb 75% WP @ 2.5g/L OR Zineb 75% WP @ 2g/L,Intercrop with cowpea; incorporate deep plowing; spray at first appearance of lesions,P10384,Glyceraldehyde-3-phosphate dehydrogenase
Sugarcane,SUGAR_ROT_08,Red Rot of Sugarcane,Fungal,Colletotrichum falcatum,26,38,80,high,Critical High,Carbendazim 50% WP @ 1g/L seed set treatment OR Trichoderma viride @ 5g/L,Use disease-free setts from nursery; roguing of infected clumps; avoid ratoon cropping in infected fields,Q84W51,Polyketide Synthase PKS1
Groundnut,GROUNDNUT_TIKKA_09,Tikka Leaf Spot,Fungal,Cercospora arachidicola,24,32,75,moderate,Moderate,Tebuconazole 50% + Trifloxystrobin 25% WG @ 0.7g/L,Deep turning of crop residue; crop rotation with cereals; seed treatment with Trichoderma viride @ 4g/kg,P29468,Transketolase Target Protein
